Id,Name,Canonical,Region,Country,Country Code
"1007543","Rhodes","Rhodes,Decentralized Administration of the Aegean,Greece","Decentralized Administration of the Aegean","Greece","gr"
"20079","Republika Srpska","Republika Srpska,Bosnia and Herzegovina","","Bosnia and Herzegovina","ba"
"20152","Antofagasta","Antofagasta,Chile","","Chile","cl"
"20153","Araucania","Araucania,Chile","","Chile","cl"
"20154","Bio Bio","Bio Bio,Chile","","Chile","cl"
"20155","Coquimbo","Coquimbo,Chile","","Chile","cl"
"20156","O'Higgins","O'Higgins,Chile","","Chile","cl"
"20157","Los Lagos","Los Lagos,Chile","","Chile","cl"
"20158","Magallanes and Chilean Antarctica","Magallanes and Chilean Antarctica,Chile","","Chile","cl"
"20159","Maule","Maule,Chile","","Chile","cl"
"20160","Santiago Metropolitan Region","Santiago Metropolitan Region,Chile","","Chile","cl"
"20161","Tarapaca","Tarapaca,Chile","","Chile","cl"
"20162","Valparaiso","Valparaiso,Chile","","Chile","cl"
"20163","Beijing","Beijing,China","","China","cn"
"20164","Tianjin","Tianjin,China","","China","cn"
"20165","Hebei","Hebei,China","","China","cn"
"20166","Shanxi","Shanxi,China","","China","cn"
"20167","Inner Mongolia","Inner Mongolia,China","","China","cn"
"20168","Liaoning","Liaoning,China","","China","cn"
"20169","Jilin","Jilin,China","","China","cn"
"20170","Heilongjiang","Heilongjiang,China","","China","cn"
"20171","Shanghai","Shanghai,China","","China","cn"
"20172","Jiangsu","Jiangsu,China","","China","cn"
"20173","Zhejiang","Zhejiang,China","","China","cn"
"20174","Anhui","Anhui,China","","China","cn"
"20175","Fujian","Fujian,China","","China","cn"
"20176","Jiangxi","Jiangxi,China","","China","cn"
"20177","Shandong","Shandong,China","","China","cn"
"20178","Henan","Henan,China","","China","cn"
"20179","Hubei","Hubei,China","","China","cn"
"20180","Hunan","Hunan,China","","China","cn"
"20181","Guangdong Province","Guangdong Province,China","","China","cn"
"20182","Guangxi","Guangxi,China","","China","cn"
"20183","Hainan","Hainan,China","","China","cn"
"20184","Chongqing","Chongqing,China","","China","cn"
"20185","Sichuan","Sichuan,China","","China","cn"
"20186","Guizhou","Guizhou,China","","China","cn"
"20187","Yunnan","Yunnan,China","","China","cn"
"20188","Tibet","Tibet,China","","China","cn"
"20189","Shaanxi","Shaanxi,China","","China","cn"
"20190","Gansu","Gansu,China","","China","cn"
"20191","Qinghai","Qinghai,China","","China","cn"
"20192","Ningxia","Ningxia,China","","China","cn"
"20193","Xinjiang","Xinjiang,China","","China","cn"
"20198","Antioquia","Antioquia,Colombia","","Colombia","co"
"20199","Atlantico","Atlantico,Colombia","","Colombia","co"
"20200","Bolivar","Bolivar,Colombia","","Colombia","co"
"20201","Caldas","Caldas,Colombia","","Colombia","co"
"20202","Cundinamarca","Cundinamarca,Colombia","","Colombia","co"
"20203","Bogota","Bogota,Colombia","","Colombia","co"
"20204","Huila","Huila,Colombia","","Colombia","co"
"20205","Meta","Meta,Colombia","","Colombia","co"
"20206","Narino","Narino,Colombia","","Colombia","co"
"20207","Putumayo","Putumayo,Colombia","","Colombia","co"
"20208","Risaralda","Risaralda,Colombia","","Colombia","co"
"20209","Santander","Santander,Colombia","","Colombia","co"
"20210","Tolima","Tolima,Colombia","","Colombia","co"
"20211","Valle del Cauca","Valle del Cauca,Colombia","","Colombia","co"
"20218","South Bohemian Region","South Bohemian Region,Czechia","","Czechia","cz"
"20219","South Moravian Region","South Moravian Region,Czechia","","Czechia","cz"
"20243","Capital Region of Denmark","Capital Region of Denmark,Denmark","","Denmark","dk"
"20245","Region Zealand","Region Zealand,Denmark","","Denmark","dk"
"20252","Region of Southern Denmark","Region of Southern Denmark,Denmark","","Denmark","dk"
"20254","Central Denmark Region","Central Denmark Region,Denmark","","Denmark","dk"
"20256","North Denmark Region","North Denmark Region,Denmark","","Denmark","dk"
"20311","Alsace","Alsace,Grand Est,France","Grand Est","France","fr"
"20313","Aquitaine","Aquitaine,Nouvelle-Aquitaine,France","Nouvelle-Aquitaine","France","fr"
"20314","Auvergne","Auvergne,Auvergne-Rhone-Alpes,France","Auvergne-Rhone-Alpes","France","fr"
"20315","Burgundy","Burgundy,Bourgogne-Franche-Comte,France","Bourgogne-Franche-Comte","France","fr"
"20316","Brittany","Brittany,France","","France","fr"
"20317","Centre-Val de Loire","Centre-Val de Loire,France","","France","fr"
"20318","Champagne-Ardenne","Champagne-Ardenne,Grand Est,France","Grand Est","France","fr"
"20319","Corsica","Corsica,France","","France","fr"
"20320","Franche-Comte","Franche-Comte,Bourgogne-Franche-Comte,France","Bourgogne-Franche-Comte","France","fr"
"20321","Ile-de-France","Ile-de-France,France","","France","fr"
"20322","Languedoc-Roussillon","Languedoc-Roussillon,Occitanie,France","Occitanie","France","fr"
"20323","Limousin","Limousin,Nouvelle-Aquitaine,France","Nouvelle-Aquitaine","France","fr"
"20324","Lorraine","Lorraine,Grand Est,France","Grand Est","France","fr"
"20325","Midi-Pyrenees","Midi-Pyrenees,Occitanie,France","Occitanie","France","fr"
"20326","Nord-Pas-de-Calais","Nord-Pas-de-Calais,Hauts-de-France,France","Hauts-de-France","France","fr"
"20327","Lower Normandy","Lower Normandy,Normandy,France","Normandy","France","fr"
"20328","Upper Normandy","Upper Normandy,Normandy,France","Normandy","France","fr"
"20329","Pays de la Loire","Pays de la Loire,France","","France","fr"
"20330","Picardy","Picardy,Hauts-de-France,France","Hauts-de-France","France","fr"
"20331","Poitou-Charentes","Poitou-Charentes,Nouvelle-Aquitaine,France","Nouvelle-Aquitaine","France","fr"
"20332","Provence-Alpes-Cote d'Azur","Provence-Alpes-Cote d'Azur,France","","France","fr"
"20333","Rhone-Alpes","Rhone-Alpes,Auvergne-Rhone-Alpes,France","Auvergne-Rhone-Alpes","France","fr"
"20352","Euboea","Euboea,Decentralized Administration of Thessaly and Central Greece,Greece","Decentralized Administration of Thessaly and Central Greece","Greece","gr"
"20353","Phthiotis","Phthiotis,Decentralized Administration of Thessaly and Central Greece,Greece","Decentralized Administration of Thessaly and Central Greece","Greece","gr"
"20357","Achaea","Achaea,Decentralized Administration of Peloponnese, Western Greece and the Ionian,Greece","Decentralized Administration of Peloponnese, Western Greece and the Ionian","Greece","gr"
"20360","Laconia","Laconia,Decentralized Administration of Peloponnese, Western Greece and the Ionian,Greece","Decentralized Administration of Peloponnese, Western Greece and the Ionian","Greece","gr"
"20361","Messenia","Messenia,Decentralized Administration of Peloponnese, Western Greece and the Ionian,Greece","Decentralized Administration of Peloponnese, Western Greece and the Ionian","Greece","gr"
"20363","Corfu","Corfu,Decentralized Administration of Peloponnese, Western Greece and the Ionian,Greece","Decentralized Administration of Peloponnese, Western Greece and the Ionian","Greece","gr"
"20365","Lefkada","Lefkada,Decentralized Administration of Peloponnese, Western Greece and the Ionian,Greece","Decentralized Administration of Peloponnese, Western Greece and the Ionian","Greece","gr"
"20366","Arta","Arta,Decentralized Administration of Epirus and Western Macedonia,Greece","Decentralized Administration of Epirus and Western Macedonia","Greece","gr"
"20368","Ioannina","Ioannina,Decentralized Administration of Epirus and Western Macedonia,Greece","Decentralized Administration of Epirus and Western Macedonia","Greece","gr"
"20369","Preveza","Preveza,Decentralized Administration of Epirus and Western Macedonia,Greece","Decentralized Administration of Epirus and Western Macedonia","Greece","gr"
"20370","Karditsa","Karditsa,Decentralized Administration of Thessaly and Central Greece,Greece","Decentralized Administration of Thessaly and Central Greece","Greece","gr"
"20373","Trikala","Trikala,Decentralized Administration of Thessaly and Central Greece,Greece","Decentralized Administration of Thessaly and Central Greece","Greece","gr"
"20375","Drama","Drama,Decentralized Administration of Macedonia and Thrace,Greece","Decentralized Administration of Macedonia and Thrace","Greece","gr"
"20376","Imathia","Imathia,Decentralized Administration of Macedonia and Thrace,Greece","Decentralized Administration of Macedonia and Thrace","Greece","gr"
"20377","Thessaloniki","Thessaloniki,Decentralized Administration of Macedonia and Thrace,Greece","Decentralized Administration of Macedonia and Thrace","Greece","gr"
"20378","Kavala Prefecture","Kavala Prefecture,Decentralized Administration of Macedonia and Thrace,Greece","Decentralized Administration of Macedonia and Thrace","Greece","gr"
"20380","Kilkis","Kilkis,Decentralized Administration of Macedonia and Thrace,Greece","Decentralized Administration of Macedonia and Thrace","Greece","gr"
"20381","Kozani","Kozani,Decentralized Administration of Epirus and Western Macedonia,Greece","Decentralized Administration of Epirus and Western Macedonia","Greece","gr"
"20384","Florina","Florina,Decentralized Administration of Epirus and Western Macedonia,Greece","Decentralized Administration of Epirus and Western Macedonia","Greece","gr"
"20388","Rhodope","Rhodope,Decentralized Administration of Macedonia and Thrace,Greece","Decentralized Administration of Macedonia and Thrace","Greece","gr"
"20391","Lesbos","Lesbos,Decentralized Administration of the Aegean,Greece","Decentralized Administration of the Aegean","Greece","gr"
"20392","Samos","Samos,Decentralized Administration of the Aegean,Greece","Decentralized Administration of the Aegean","Greece","gr"
"20397","Chania","Chania,Decentralized Administration of Crete,Greece","Decentralized Administration of Crete","Greece","gr"
"20514","South District","South District,Israel","","Israel","il"
"20515","Haifa District","Haifa District,Israel","","Israel","il"
"20516","Jerusalem District","Jerusalem District,Israel","","Israel","il"
"20517","Center District","Center District,Israel","","Israel","il"
"20518","Tel Aviv District","Tel Aviv District,Israel","","Israel","il"
"20519","North District","North District,Israel","","Israel","il"
"2060","Bermuda","Bermuda","","Bermuda","bm"
"2074","Bouvet Island","Bouvet Island","","Bouvet Island","bv"
"20791","Auckland","Auckland,New Zealand","","New Zealand","nz"
"20792","Bay of Plenty","Bay of Plenty,New Zealand","","New Zealand","nz"
"20796","Ancash","Ancash,Peru","","Peru","pe"
"20797","Arequipa","Arequipa,Peru","","Peru","pe"
"20798","Ayacucho","Ayacucho,Peru","","Peru","pe"
"20799","Cajamarca","Cajamarca,Peru","","Peru","pe"
"20800","Callao Region","Callao Region,Peru","","Peru","pe"
"20801","Cusco","Cusco,Peru","","Peru","pe"
"20802","Huanuco","Huanuco,Peru","","Peru","pe"
"20803","Huancavelica","Huancavelica,Peru","","Peru","pe"
"20804","Ica","Ica,Peru","","Peru","pe"
"20805","Junin","Junin,Peru","","Peru","pe"
"20806","La Libertad","La Libertad,Peru","","Peru","pe"
"20807","Lambayeque","Lambayeque,Peru","","Peru","pe"
"20808","Lima Region","Lima Region,Peru","","Peru","pe"
"20809","Loreto","Loreto,Peru","","Peru","pe"
"20810","Moquegua","Moquegua,Peru","","Peru","pe"
"20811","Pasco","Pasco,Peru","","Peru","pe"
"20812","Piura","Piura,Peru","","Peru","pe"
"20813","Puno","Puno,Peru","","Peru","pe"
"20814","San Martin","San Martin,Peru","","Peru","pe"
"20815","Tacna","Tacna,Peru","","Peru","pe"
"20816","Ucayali","Ucayali,Peru","","Peru","pe"
"20835","Metro Manila","Metro Manila,Philippines","","Philippines","ph"
"20847","Lower Silesian Voivodeship","Lower Silesian Voivodeship,Poland","","Poland","pl"
"20848","Kuyavian-Pomeranian Voivodeship","Kuyavian-Pomeranian Voivodeship,Poland","","Poland","pl"
"20849","Lubusz Voivodeship","Lubusz Voivodeship,Poland","","Poland","pl"
"20850","Lodz Voivodeship","Lodz Voivodeship,Poland","","Poland","pl"
"20851","Lublin Voivodeship","Lublin Voivodeship,Poland","","Poland","pl"
"20852","Lesser Poland Voivodeship","Lesser Poland Voivodeship,Poland","","Poland","pl"
"20853","Masovian Voivodeship","Masovian Voivodeship,Poland","","Poland","pl"
"20854","Opole Voivodeship","Opole Voivodeship,Poland","","Poland","pl"
"20855","Podlaskie Voivodeship","Podlaskie Voivodeship,Poland","","Poland","pl"
"20856","Podkarpackie Voivodeship","Podkarpackie Voivodeship,Poland","","Poland","pl"
"20857","Pomeranian Voivodeship","Pomeranian Voivodeship,Poland","","Poland","pl"
"20858","Swietokrzyskie Voivodeship","Swietokrzyskie Voivodeship,Poland","","Poland","pl"
"20859","Silesian Voivodeship","Silesian Voivodeship,Poland","","Poland","pl"
"2086","British Indian Ocean Territory","British Indian Ocean Territory","","British Indian Ocean Territory","io"
"20860","Warmian-Masurian Voivodeship","Warmian-Masurian Voivodeship,Poland","","Poland","pl"
"20861","Greater Poland Voivodeship","Greater Poland Voivodeship,Poland","","Poland","pl"
"20862","West Pomeranian Voivodeship","West Pomeranian Voivodeship,Poland","","Poland","pl"
"20865","Aveiro District","Aveiro District,Portugal","","Portugal","pt"
"20866","Braga","Braga,Portugal","","Portugal","pt"
"20867","Braganca District","Braganca District,Portugal","","Portugal","pt"
"20868","Castelo Branco District","Castelo Branco District,Portugal","","Portugal","pt"
"20869","Coimbra District","Coimbra District,Portugal","","Portugal","pt"
"20870","Evora District","Evora District,Portugal","","Portugal","pt"
"20871","Faro District","Faro District,Portugal","","Portugal","pt"
"20872","Guarda District","Guarda District,Portugal","","Portugal","pt"
"20873","Leiria District","Leiria District,Portugal","","Portugal","pt"
"20874","Lisbon","Lisbon,Portugal","","Portugal","pt"
"20875","Portalegre District","Portalegre District,Portugal","","Portugal","pt"
"20876","Porto District","Porto District,Portugal","","Portugal","pt"
"20877","Santarem District","Santarem District,Portugal","","Portugal","pt"
"20878","Setubal","Setubal,Portugal","","Portugal","pt"
"20879","Viana do Castelo District","Viana do Castelo District,Portugal","","Portugal","pt"
"20880","Viseu District","Viseu District,Portugal","","Portugal","pt"
"20881","Azores","Azores,Portugal","","Portugal","pt"
"20882","Madeira","Madeira,Portugal","","Portugal","pt"
"20914","Altai Republic","Altai Republic,Russia","","Russia","ru"
"20915","Amur Oblast","Amur Oblast,Russia","","Russia","ru"
"20916","Arkhangelsk Oblast","Arkhangelsk Oblast,Russia","","Russia","ru"
"20917","Astrakhan Oblast","Astrakhan Oblast,Russia","","Russia","ru"
"20918","Republic of Bashkortostan","Republic of Bashkortostan,Russia","","Russia","ru"
"20919","Belgorod Oblast","Belgorod Oblast,Russia","","Russia","ru"
"2092","British Virgin Islands","British Virgin Islands","","British Virgin Islands","vg"
"20920","Bryansk Oblast","Bryansk Oblast,Russia","","Russia","ru"
"20921","Buryatia","Buryatia,Russia","","Russia","ru"
"20922","Chelyabinsk Oblast","Chelyabinsk Oblast,Russia","","Russia","ru"
"20924","Chukotka Autonomous Okrug","Chukotka Autonomous Okrug,Russia","","Russia","ru"
"20925","Republic of Dagestan","Republic of Dagestan,Russia","","Russia","ru"
"20926","Irkutsk Oblast","Irkutsk Oblast,Russia","","Russia","ru"
"20927","Ivanovo Oblast","Ivanovo Oblast,Russia","","Russia","ru"
"20928","Kamchatka Krai","Kamchatka Krai,Russia","","Russia","ru"
"20929","Kabardino-Balkarian Republic","Kabardino-Balkarian Republic,Russia","","Russia","ru"
"20930","Karachay-Cherkessia","Karachay-Cherkessia,Russia","","Russia","ru"
"20931","Krasnodar Krai","Krasnodar Krai,Russia","","Russia","ru"
"20932","Kemerovo Oblast","Kemerovo Oblast,Russia","","Russia","ru"
"20933","Kaliningrad Oblast","Kaliningrad Oblast,Russia","","Russia","ru"
"20934","Kurgan Oblast","Kurgan Oblast,Russia","","Russia","ru"
"20935","Khabarovsk Krai","Khabarovsk Krai,Russia","","Russia","ru"
"20936","Khanty-Mansi Autonomous Okrug","Khanty-Mansi Autonomous Okrug,Russia","","Russia","ru"
"20937","Kirov Oblast","Kirov Oblast,Russia","","Russia","ru"
"20938","Republic of Khakassia","Republic of Khakassia,Russia","","Russia","ru"
"20939","Kaluga Oblast","Kaluga Oblast,Russia","","Russia","ru"
"20940","Komi Republic","Komi Republic,Russia","","Russia","ru"
"20941","Kostroma Oblast","Kostroma Oblast,Russia","","Russia","ru"
"20942","Republic of Karelia","Republic of Karelia,Russia","","Russia","ru"
"20943","Kursk Oblast","Kursk Oblast,Russia","","Russia","ru"
"20944","Krasnoyarsk Krai","Krasnoyarsk Krai,Russia","","Russia","ru"
"20945","Leningrad Oblast","Leningrad Oblast,Russia","","Russia","ru"
"20946","Lipetsk Oblast","Lipetsk Oblast,Russia","","Russia","ru"
"20947","Magadan Oblast","Magadan Oblast,Russia","","Russia","ru"
"20948","Mordovia Republic","Mordovia Republic,Russia","","Russia","ru"
"20949","Moscow Oblast","Moscow Oblast,Russia","","Russia","ru"
"20950","Moscow","Moscow,Russia","","Russia","ru"
"20951","Murmansk Oblast","Murmansk Oblast,Russia","","Russia","ru"
"20952","Novgorod Oblast","Novgorod Oblast,Russia","","Russia","ru"
"20953","Nizhny Novgorod Oblast","Nizhny Novgorod Oblast,Russia","","Russia","ru"
"20954","Novosibirsk Oblast","Novosibirsk Oblast,Russia","","Russia","ru"
"20955","Omsk Oblast","Omsk Oblast,Russia","","Russia","ru"
"20956","Orenburg Oblast","Orenburg Oblast,Russia","","Russia","ru"
"20957","Perm Krai","Perm Krai,Russia","","Russia","ru"
"20958","Penza Oblast","Penza Oblast,Russia","","Russia","ru"
"20959","Primorsky Krai","Primorsky Krai,Russia","","Russia","ru"
"20960","Pskov Oblast","Pskov Oblast,Russia","","Russia","ru"
"20961","Rostov Oblast","Rostov Oblast,Russia","","Russia","ru"
"20962","Ryazan Oblast","Ryazan Oblast,Russia","","Russia","ru"
"20963","Sakha Republic","Sakha Republic,Russia","","Russia","ru"
"20964","Sakhalin Oblast","Sakhalin Oblast,Russia","","Russia","ru"
"20965","Samara Oblast","Samara Oblast,Russia","","Russia","ru"
"20966","Saratov Oblast","Saratov Oblast,Russia","","Russia","ru"
"20967","Smolensk Oblast","Smolensk Oblast,Russia","","Russia","ru"
"20968","Saint Petersburg","Saint Petersburg,Russia","","Russia","ru"
"20969","Stavropol Krai","Stavropol Krai,Russia","","Russia","ru"
"20970","Sverdlovsk Oblast","Sverdlovsk Oblast,Russia","","Russia","ru"
"20971","Republic of Tatarstan","Republic of Tatarstan,Russia","","Russia","ru"
"20972","Tambov Oblast","Tambov Oblast,Russia","","Russia","ru"
"20974","Tomsk Oblast","Tomsk Oblast,Russia","","Russia","ru"
"20975","Tula Oblast","Tula Oblast,Russia","","Russia","ru"
"20976","Tver Oblast","Tver Oblast,Russia","","Russia","ru"
"20977","Tyumen Oblast","Tyumen Oblast,Russia","","Russia","ru"
"20978","Udmurt Republic","Udmurt Republic,Russia","","Russia","ru"
"20979","Ulyanovsk Oblast","Ulyanovsk Oblast,Russia","","Russia","ru"
"20980","Volgograd Oblast","Volgograd Oblast,Russia","","Russia","ru"
"20981","Vladimir Oblast","Vladimir Oblast,Russia","","Russia","ru"
"20982","Vologda Oblast","Vologda Oblast,Russia","","Russia","ru"
"20983","Voronezh Oblast","Voronezh Oblast,Russia","","Russia","ru"
"20984","Yamalo-Nenets Autonomous Okrug","Yamalo-Nenets Autonomous Okrug,Russia","","Russia","ru"
"20985","Yaroslavl Oblast","Yaroslavl Oblast,Russia","","Russia","ru"
"21109","Vinnytsia Oblast","Vinnytsia Oblast,Ukraine","","Ukraine","ua"
"21110","Volyn Oblast","Volyn Oblast,Ukraine","","Ukraine","ua"
"21112","Dnipropetrovsk Oblast","Dnipropetrovsk Oblast,Ukraine","","Ukraine","ua"
"21114","Zhytomyr Oblast","Zhytomyr Oblast,Ukraine","","Ukraine","ua"
"21115","Zakarpattia Oblast","Zakarpattia Oblast,Ukraine","","Ukraine","ua"
"21116","Zaporizhia Oblast","Zaporizhia Oblast,Ukraine","","Ukraine","ua"
"21117","Ivano-Frankivsk Oblast","Ivano-Frankivsk Oblast,Ukraine","","Ukraine","ua"
"21118","Kyiv city","Kyiv city,Ukraine","","Ukraine","ua"
"21119","Kirovohrad Oblast","Kirovohrad Oblast,Ukraine","","Ukraine","ua"
"21121","Lviv Oblast","Lviv Oblast,Ukraine","","Ukraine","ua"
"21122","Odesa Oblast","Odesa Oblast,Ukraine","","Ukraine","ua"
"21123","Poltava Oblast","Poltava Oblast,Ukraine","","Ukraine","ua"
"21124","Sumy Oblast","Sumy Oblast,Ukraine","","Ukraine","ua"
"21125","Kharkiv Oblast","Kharkiv Oblast,Ukraine","","Ukraine","ua"
"21126","Kherson Oblast","Kherson Oblast,Ukraine","","Ukraine","ua"
"21127","Khmelnytskyi Oblast","Khmelnytskyi Oblast,Ukraine","","Ukraine","ua"
"21128","Cherkasy Oblast","Cherkasy Oblast,Ukraine","","Ukraine","ua"
"21129","Chernihiv Oblast","Chernihiv Oblast,Ukraine","","Ukraine","ua"
"21130","Chernivtsi Oblast","Chernivtsi Oblast,Ukraine","","Ukraine","ua"
"21234","Mari El Republic","Mari El Republic,Russia","","Russia","ru"
"21243","Republic of Kalmykia","Republic of Kalmykia,Russia","","Russia","ru"
"21250","Adygea Republic","Adygea Republic,Russia","","Russia","ru"
"21251","Ingushetia","Ingushetia,Russia","","Russia","ru"
"21252","North Ossetia–Alania Republic","North Ossetia–Alania Republic,Russia","","Russia","ru"
"21255","Beja District","Beja District,Portugal","","Portugal","pt"
"21256","Oryol Oblast","Oryol Oblast,Russia","","Russia","ru"
"21277","Jewish Autonomous Oblast","Jewish Autonomous Oblast,Russia","","Russia","ru"
"21290","Magdalena","Magdalena,Colombia","","Colombia","co"
"21292","Ternopil Oblast","Ternopil Oblast,Ukraine","","Ukraine","ua"
"21302","Canterbury","Canterbury,New Zealand","","New Zealand","nz"
"21303","Gisborne","Gisborne,New Zealand","","New Zealand","nz"
"21304","Hawke's Bay","Hawke's Bay,New Zealand","","New Zealand","nz"
"21305","Manawatu-Whanganui","Manawatu-Whanganui,New Zealand","","New Zealand","nz"
"21306","Marlborough","Marlborough,New Zealand","","New Zealand","nz"
"21307","Nelson","Nelson,New Zealand","","New Zealand","nz"
"21308","Northland","Northland,New Zealand","","New Zealand","nz"
"21309","Otago","Otago,New Zealand","","New Zealand","nz"
"21310","Southland","Southland,New Zealand","","New Zealand","nz"
"21311","Taranaki","Taranaki,New Zealand","","New Zealand","nz"
"21312","Tasman","Tasman,New Zealand","","New Zealand","nz"
"21313","Waikato","Waikato,New Zealand","","New Zealand","nz"
"21314","Wellington","Wellington,New Zealand","","New Zealand","nz"
"21315","West Coast","West Coast,New Zealand","","New Zealand","nz"
"21318","Seoul","Seoul,South Korea","","South Korea","kr"
"21319","Busan","Busan,South Korea","","South Korea","kr"
"21320","Daegu","Daegu,South Korea","","South Korea","kr"
"21321","Incheon","Incheon,South Korea","","South Korea","kr"
"21322","Gwangju","Gwangju,South Korea","","South Korea","kr"
"21323","Daejeon","Daejeon,South Korea","","South Korea","kr"
"21324","Ulsan","Ulsan,South Korea","","South Korea","kr"
"21325","Gyeonggi-do","Gyeonggi-do,South Korea","","South Korea","kr"
"21326","Gangwon-do","Gangwon-do,South Korea","","South Korea","kr"
"21327","Chungcheongbuk-do","Chungcheongbuk-do,South Korea","","South Korea","kr"
"21328","Chungcheongnam-do","Chungcheongnam-do,South Korea","","South Korea","kr"
"21329","Jeonbuk State","Jeonbuk State,South Korea","","South Korea","kr"
"21330","Jeollanam-do","Jeollanam-do,South Korea","","South Korea","kr"
"21331","Gyeongsangbuk-do","Gyeongsangbuk-do,South Korea","","South Korea","kr"
"21332","Gyeongsangnam-do","Gyeongsangnam-do,South Korea","","South Korea","kr"
"21333","Jeju-do","Jeju-do,South Korea","","South Korea","kr"
"21346","Tuva Republic","Tuva Republic,Russia","","Russia","ru"
"21347","Chechnya","Chechnya,Russia","","Russia","ru"
"21348","Chuvashia Republic","Chuvashia Republic,Russia","","Russia","ru"
"21351","Nenets Autonomous Okrug","Nenets Autonomous Okrug,Russia","","Russia","ru"
"21353","Evenkiysky District","Evenkiysky District,Krasnoyarsk Krai,Russia","Krasnoyarsk Krai","Russia","ru"
"2136","Cayman Islands","Cayman Islands","","Cayman Islands","ky"
"21385","Altai Krai","Altai Krai,Russia","","Russia","ru"
"21494","Central Bohemian Region","Central Bohemian Region,Czechia","","Czechia","cz"
"21495","Hradec Kralove Region","Hradec Kralove Region,Czechia","","Czechia","cz"
"21496","Karlovy Vary Region","Karlovy Vary Region,Czechia","","Czechia","cz"
"21497","Liberec Region","Liberec Region,Czechia","","Czechia","cz"
"21498","Moravian-Silesian Region","Moravian-Silesian Region,Czechia","","Czechia","cz"
"21499","Olomouc Region","Olomouc Region,Czechia","","Czechia","cz"
"21500","Pardubice Region","Pardubice Region,Czechia","","Czechia","cz"
"21501","Plzen Region","Plzen Region,Czechia","","Czechia","cz"
"21502","Prague","Prague,Czechia","","Czechia","cz"
"21503","Usti nad Labem Region","Usti nad Labem Region,Czechia","","Czechia","cz"
"21504","Vysocina Region","Vysocina Region,Czechia","","Czechia","cz"
"21505","Zlin Region","Zlin Region,Czechia","","Czechia","cz"
"21506","Amazonas","Amazonas,Colombia","","Colombia","co"
"21507","Arauca","Arauca,Colombia","","Colombia","co"
"21508","Boyaca","Boyaca,Colombia","","Colombia","co"
"21509","Caqueta","Caqueta,Colombia","","Colombia","co"
"21510","Casanare","Casanare,Colombia","","Colombia","co"
"21511","Cauca","Cauca,Colombia","","Colombia","co"
"21512","Cesar","Cesar,Colombia","","Colombia","co"
"21513","Choco","Choco,Colombia","","Colombia","co"
"21514","Cordoba","Cordoba,Colombia","","Colombia","co"
"21515","Guainia","Guainia,Colombia","","Colombia","co"
"21516","Guaviare","Guaviare,Colombia","","Colombia","co"
"21517","La Guajira","La Guajira,Colombia","","Colombia","co"
"21518","North Santander","North Santander,Colombia","","Colombia","co"
"21519","Quindio","Quindio,Colombia","","Colombia","co"
"21520","San Andres and Providencia","San Andres and Providencia,Colombia","","Colombia","co"
"21521","Sucre","Sucre,Colombia","","Colombia","co"
"21522","Vaupes","Vaupes,Colombia","","Colombia","co"
"21523","Vichada","Vichada,Colombia","","Colombia","co"
"21524","Chaouia-Ouardigha","Chaouia-Ouardigha,Morocco","","Morocco","ma"
"21525","Doukkala-Abda","Doukkala-Abda,Morocco","","Morocco","ma"
"21526","Fes-Boulemane","Fes-Boulemane,Morocco","","Morocco","ma"
"21527","Gharb-Chrarda-Beni Hssen","Gharb-Chrarda-Beni Hssen,Morocco","","Morocco","ma"
"21528","Grand Casablanca","Grand Casablanca,Casablanca-Settat,Morocco","Casablanca-Settat","Morocco","ma"
"21529","Guelmim-Es Semara","Guelmim-Es Semara,Morocco","","Morocco","ma"
"21530","Laayoune-Boujdour-Sakia El Hamra","Laayoune-Boujdour-Sakia El Hamra,Morocco","","Morocco","ma"
"21531","Marrakesh-Tensift-El Haouz","Marrakesh-Tensift-El Haouz,Marrakesh-Safi,Morocco","Marrakesh-Safi","Morocco","ma"
"21532","Meknes-Tafilalet","Meknes-Tafilalet,Morocco","","Morocco","ma"
"21533","Oriental","Oriental,Oriental,Morocco","Oriental","Morocco","ma"
"21534","Rabat-Sale-Zemmour-Zaer","Rabat-Sale-Zemmour-Zaer,Morocco","","Morocco","ma"
"21535","Souss-Massa-Draa","Souss-Massa-Draa,Morocco","","Morocco","ma"
"21536","Tadla-Azilal","Tadla-Azilal,Morocco","","Morocco","ma"
"21537","Tangier-Tetouan","Tangier-Tetouan,Tangier-Tetouan-Al Hoceima,Morocco","Tangier-Tetouan-Al Hoceima","Morocco","ma"
"21538","Taza-Al Hoceima-Taounate","Taza-Al Hoceima-Taounate,Morocco","","Morocco","ma"
"2158","Taiwan","Taiwan","","Taiwan","tw"
"21580","Kyiv Oblast","Kyiv Oblast,Ukraine","","Ukraine","ua"
"21581","Mykolaiv Oblast","Mykolaiv Oblast,Ukraine","","Ukraine","ua"
"21582","Rivne Oblast","Rivne Oblast,Ukraine","","Ukraine","ua"
"2175","Mayotte","Mayotte","","Mayotte","yt"
"2234","Faroe Islands","Faroe Islands","","Faroe Islands","fo"
"2238","Falkland Islands (Islas Malvinas)","Falkland Islands (Islas Malvinas)","","Falkland Islands (Islas Malvinas)","fk"
"2254","French Guiana","French Guiana","","French Guiana","gf"
"2275","Palestine","Palestine","","Palestine","ps"
"2292","Gibraltar","Gibraltar","","Gibraltar","gi"
"2304","Greenland","Greenland","","Greenland","gl"
"2312","Guadeloupe","Guadeloupe","","Guadeloupe","gp"
"2344","Hong Kong","Hong Kong","","Hong Kong","hk"
"2446","Macao","Macao","","Macao","mo"
"2474","Martinique","Martinique","","Martinique","mq"
"2500","Montserrat","Montserrat","","Montserrat","ms"
"2533","Aruba","Aruba","","Aruba","aw"
"2630","Puerto Rico","Puerto Rico","","Puerto Rico","pr"
"2638","Reunion","Reunion","","Reunion","re"
"2660","Anguilla","Anguilla","","Anguilla","ai"
"2732","Western Sahara","Western Sahara","","Western Sahara","eh"
"2744","Svalbard and Jan Mayen","Svalbard and Jan Mayen","","Svalbard and Jan Mayen","sj"
"2796","Turks and Caicos Islands","Turks and Caicos Islands","","Turks and Caicos Islands","tc"
"2850","U.S. Virgin Islands","U.S. Virgin Islands","","U.S. Virgin Islands","vi"
"2900","Kosovo","Kosovo","","Kosovo","xk"
"9047102","Aysen","Aysen,Chile","","Chile","cl"
"9047103","Arica y Parinacota","Arica y Parinacota,Chile","","Chile","cl"
"9047104","Atacama","Atacama,Chile","","Chile","cl"
"9047105","Los Rios","Los Rios,Chile","","Chile","cl"
"9047106","Chatham Islands Territory","Chatham Islands Territory,New Zealand","","New Zealand","nz"
"9047107","Vila Real District","Vila Real District,Portugal","","Portugal","pt"
"9047109","Zabaykalsky Krai","Zabaykalsky Krai,Russia","","Russia","ru"
"9053423","Abruzzo","Abruzzo,Italy","","Italy","it"
"9053424","Aosta Valley","Aosta Valley,Italy","","Italy","it"
"9053425","Apulia","Apulia,Italy","","Italy","it"
"9053426","Basilicata","Basilicata,Italy","","Italy","it"
"9053427","Calabria","Calabria,Italy","","Italy","it"
"9053428","Campania","Campania,Italy","","Italy","it"
"9053429","Emilia-Romagna","Emilia-Romagna,Italy","","Italy","it"
"9053430","Friuli-Venezia Giulia","Friuli-Venezia Giulia,Italy","","Italy","it"
"9053431","Lazio","Lazio,Italy","","Italy","it"
"9053432","Liguria","Liguria,Italy","","Italy","it"
"9053433","Lombardy","Lombardy,Italy","","Italy","it"
"9053434","Marche","Marche,Italy","","Italy","it"
"9053435","Molise","Molise,Italy","","Italy","it"
"9053436","Piedmont","Piedmont,Italy","","Italy","it"
"9053437","Sardinia","Sardinia,Italy","","Italy","it"
"9053438","Sicily","Sicily,Italy","","Italy","it"
"9053439","Trentino-South Tyrol","Trentino-South Tyrol,Italy","","Italy","it"
"9053440","Tuscany","Tuscany,Italy","","Italy","it"
"9053441","Umbria","Umbria,Italy","","Italy","it"
"9053442","Veneto","Veneto,Italy","","Italy","it"
"9061336","Apurimac","Apurimac,Peru","","Peru","pe"
"9061337","Madre de Dios","Madre de Dios,Peru","","Peru","pe"
"9061338","Amazonas","Amazonas,Peru","","Peru","pe"
"9061339","Tumbes","Tumbes,Peru","","Peru","pe"
"9061340","Calabarzon","Calabarzon,Philippines","","Philippines","ph"
"9061341","Central Luzon","Central Luzon,Philippines","","Philippines","ph"
"9061342","Western Visayas","Western Visayas,Philippines","","Philippines","ph"
"9061343","Davao Region","Davao Region,Philippines","","Philippines","ph"
"9061344","Central Visayas","Central Visayas,Philippines","","Philippines","ph"
"9061345","Ilocos Region","Ilocos Region,Philippines","","Philippines","ph"
"9061346","Northern Mindanao","Northern Mindanao,Philippines","","Philippines","ph"
"9061347","Region XII","Region XII,Philippines","","Philippines","ph"
"9061348","Cagayan Valley","Cagayan Valley,Philippines","","Philippines","ph"
"9061349","Bicol","Bicol,Philippines","","Philippines","ph"
"9061350","MIMAROPA","MIMAROPA,Philippines","","Philippines","ph"
"9061351","Eastern Visayas","Eastern Visayas,Philippines","","Philippines","ph"
"9061352","Caraga","Caraga,Philippines","","Philippines","ph"
"9061353","Cordillera Administrative Region","Cordillera Administrative Region,Philippines","","Philippines","ph"
"9061354","Zamboanga Peninsula","Zamboanga Peninsula,Philippines","","Philippines","ph"
"9061355","Bangsamoro Autonomous Region in Muslim Mindanao","Bangsamoro Autonomous Region in Muslim Mindanao,Philippines","","Philippines","ph"
"9061356","Sindh","Sindh,Pakistan","","Pakistan","pk"
"9061357","Punjab","Punjab,Pakistan","","Pakistan","pk"
"9061358","Khyber Pakhtunkhwa","Khyber Pakhtunkhwa,Pakistan","","Pakistan","pk"
"9061359","Balochistan","Balochistan,Pakistan","","Pakistan","pk"
"9061360","Islamabad Capital Territory","Islamabad Capital Territory,Pakistan","","Pakistan","pk"
"9061361","Azad Jammu and Kashmir","Azad Jammu and Kashmir,Pakistan","","Pakistan","pk"
"9061362","Federally Administered Tribal Area","Federally Administered Tribal Area,Khyber Pakhtunkhwa,Pakistan","Khyber Pakhtunkhwa","Pakistan","pk"
"9061363","Gilgit-Baltistan","Gilgit-Baltistan,Pakistan","","Pakistan","pk"
"9061580","Western Greece","Western Greece,Decentralized Administration of Peloponnese, Western Greece and the Ionian,Greece","Decentralized Administration of Peloponnese, Western Greece and the Ionian","Greece","gr"
"9061581","Crete","Crete,Decentralized Administration of Crete,Greece","Decentralized Administration of Crete","Greece","gr"
"9061582","Attica","Attica,Decentralized Administration of Attica,Greece","Decentralized Administration of Attica","Greece","gr"
"9061583","Thessalia","Thessalia,Decentralized Administration of Thessaly and Central Greece,Greece","Decentralized Administration of Thessaly and Central Greece","Greece","gr"
"9061584","Central Macedonia","Central Macedonia,Decentralized Administration of Macedonia and Thrace,Greece","Decentralized Administration of Macedonia and Thrace","Greece","gr"
"9062580","Trencin Region","Trencin Region,Slovakia","","Slovakia","sk"
"9062581","Banska Bystrica Region","Banska Bystrica Region,Slovakia","","Slovakia","sk"
"9062582","Zilina Region","Zilina Region,Slovakia","","Slovakia","sk"
"9062583","Presov Region","Presov Region,Slovakia","","Slovakia","sk"
"9062584","Kosice Region","Kosice Region,Slovakia","","Slovakia","sk"
"9062585","Nitra Region","Nitra Region,Slovakia","","Slovakia","sk"
"9062586","Bratislava Region","Bratislava Region,Slovakia","","Slovakia","sk"
"9062587","Trnava Region","Trnava Region,Slovakia","","Slovakia","sk"
"9063243","Hoogezand-Sappemeer","Hoogezand-Sappemeer,Groningen,Netherlands","Groningen","Netherlands","nl"
"9065345","Kachin","Kachin,Myanmar (Burma)","","Myanmar (Burma)","mm"
"9065346","Myawaddy","Myawaddy,Kayin State,Myanmar (Burma)","Kayin State","Myanmar (Burma)","mm"
"9065347","Magway Region","Magway Region,Myanmar (Burma)","","Myanmar (Burma)","mm"
"9065348","Tanintharyi Region","Tanintharyi Region,Myanmar (Burma)","","Myanmar (Burma)","mm"
"9065349","Naypyidaw Union Territory","Naypyidaw Union Territory,Myanmar (Burma)","","Myanmar (Burma)","mm"
"9065350","Bago Region","Bago Region,Myanmar (Burma)","","Myanmar (Burma)","mm"
"9065351","Sagaing Region","Sagaing Region,Myanmar (Burma)","","Myanmar (Burma)","mm"
"9065352","Mandalay Region","Mandalay Region,Myanmar (Burma)","","Myanmar (Burma)","mm"
"9065353","Yangon Region","Yangon Region,Myanmar (Burma)","","Myanmar (Burma)","mm"
"9067376","Kalunasan","Kalunasan,Central Visayas,Philippines","Central Visayas","Philippines","ph"
"9067377","Indangan","Indangan,Davao Region,Philippines","Davao Region","Philippines","ph"
"9067701","Grevena","Grevena,Ipiros Ditiki Makedonia,Greece","Ipiros Ditiki Makedonia","Greece","gr"
"9067702","Phocis","Phocis,Decentralized Administration of Thessaly and Central Greece,Greece","Decentralized Administration of Thessaly and Central Greece","Greece","gr"
"9067703","Chios","Chios,Decentralized Administration of the Aegean,Greece","Decentralized Administration of the Aegean","Greece","gr"
"9067704","Kastoria","Kastoria,Decentralized Administration of Epirus and Western Macedonia,Greece","Decentralized Administration of Epirus and Western Macedonia","Greece","gr"
"9067705","Lasithi","Lasithi,Decentralized Administration of Crete,Greece","Decentralized Administration of Crete","Greece","gr"
"9067706","Halkidiki","Halkidiki,Decentralized Administration of Macedonia and Thrace,Greece","Decentralized Administration of Macedonia and Thrace","Greece","gr"
"9067707","Arcadia","Arcadia,Decentralized Administration of Peloponnese, Western Greece and the Ionian,Greece","Decentralized Administration of Peloponnese, Western Greece and the Ionian","Greece","gr"
"9067708","Cephalonia","Cephalonia,Decentralized Administration of Peloponnese, Western Greece and the Ionian,Greece","Decentralized Administration of Peloponnese, Western Greece and the Ionian","Greece","gr"
"9067709","Thesprotia","Thesprotia,Decentralized Administration of Epirus and Western Macedonia,Greece","Decentralized Administration of Epirus and Western Macedonia","Greece","gr"
"9067710","Aspropyrgos","Aspropyrgos,Decentralized Administration of Attica,Greece","Decentralized Administration of Attica","Greece","gr"
"9067711","Elis","Elis,Decentralized Administration of Peloponnese, Western Greece and the Ionian,Greece","Decentralized Administration of Peloponnese, Western Greece and the Ionian","Greece","gr"
"9067712","Evros","Evros,Decentralized Administration of Macedonia and Thrace,Greece","Decentralized Administration of Macedonia and Thrace","Greece","gr"
"9067713","Serres","Serres,Decentralized Administration of Macedonia and Thrace,Greece","Decentralized Administration of Macedonia and Thrace","Greece","gr"
"9067714","Pella","Pella,Decentralized Administration of Macedonia and Thrace,Greece","Decentralized Administration of Macedonia and Thrace","Greece","gr"
"9067715","Corinthia","Corinthia,Decentralized Administration of Peloponnese, Western Greece and the Ionian,Greece","Decentralized Administration of Peloponnese, Western Greece and the Ionian","Greece","gr"
"9067716","Zakynthos","Zakynthos,Zakynthos,Decentralized Administration of Peloponnese, Western Greece and the Ionian,Greece","Zakynthos,Decentralized Administration of Peloponnese, Western Greece and the Ionian","Greece","gr"
"9067717","Argolis","Argolis,Decentralized Administration of Peloponnese, Western Greece and the Ionian,Greece","Decentralized Administration of Peloponnese, Western Greece and the Ionian","Greece","gr"
"9067718","Agrinio","Agrinio,Decentralized Administration of Peloponnese, Western Greece and the Ionian,Greece","Decentralized Administration of Peloponnese, Western Greece and the Ionian","Greece","gr"
"9067719","Aetolia-Acarnania","Aetolia-Acarnania,Decentralized Administration of Peloponnese, Western Greece and the Ionian,Greece","Decentralized Administration of Peloponnese, Western Greece and the Ionian","Greece","gr"
"9067720","Xanthi","Xanthi,Decentralized Administration of Macedonia and Thrace,Greece","Decentralized Administration of Macedonia and Thrace","Greece","gr"
"9067721","Magnesia Prefecture","Magnesia Prefecture,Decentralized Administration of Thessaly and Central Greece,Greece","Decentralized Administration of Thessaly and Central Greece","Greece","gr"
"9067722","Larissa","Larissa,Decentralized Administration of Thessaly and Central Greece,Greece","Decentralized Administration of Thessaly and Central Greece","Greece","gr"
"9067723","Heraklion","Heraklion,Decentralized Administration of Crete,Greece","Decentralized Administration of Crete","Greece","gr"
"9067724","Rethymno","Rethymno,Decentralized Administration of Crete,Greece","Decentralized Administration of Crete","Greece","gr"
"9067725","Athens","Athens,Decentralized Administration of Attica,Greece","Decentralized Administration of Attica","Greece","gr"
"9068565","Normandy","Normandy,France","","France","fr"
"9068895","Bourgogne-Franche-Comte","Bourgogne-Franche-Comte,France","","France","fr"
"9068896","Grand Est","Grand Est,France","","France","fr"
"9068897","Occitanie","Occitanie,France","","France","fr"
"9068898","Hauts-de-France","Hauts-de-France,France","","France","fr"
"9069522","Nouvelle-Aquitaine","Nouvelle-Aquitaine,France","","France","fr"
"9069523","Flanders","Flanders,Belgium","","Belgium","be"
"9069524","Wallonia","Wallonia,Belgium","","Belgium","be"
"9069525","Auvergne-Rhone-Alpes","Auvergne-Rhone-Alpes,France","","France","fr"
"9069535","New Territories","New Territories,Hong Kong","","Hong Kong","hk"
"9069536","Kowloon","Kowloon,Hong Kong","","Hong Kong","hk"
"9069538","Decentralized Administration of Attica","Decentralized Administration of Attica,Greece","","Greece","gr"
"9069539","Decentralized Administration of Crete","Decentralized Administration of Crete,Greece","","Greece","gr"
"9069571","Pavlodar Region","Pavlodar Region,Kazakhstan","","Kazakhstan","kz"
"9069572","West Kazakhstan Region","West Kazakhstan Region,Kazakhstan","","Kazakhstan","kz"
"9069573","Kyzylorda Region","Kyzylorda Region,Kazakhstan","","Kazakhstan","kz"
"9069574","Mogilev Region","Mogilev Region,Belarus","","Belarus","by"
"9069575","Brest Region","Brest Region,Belarus","","Belarus","by"
"9069576","Gomel Region","Gomel Region,Belarus","","Belarus","by"
"9069577","Vitebsk Region","Vitebsk Region,Belarus","","Belarus","by"
"9069578","Minsk Region","Minsk Region,Belarus","","Belarus","by"
"9069579","Hrodna Region","Hrodna Region,Belarus","","Belarus","by"
"9069746","Ngabe-Bugle Comarca","Ngabe-Bugle Comarca,Panama","","Panama","pa"
"9069748","Embera-Wounaan Comarca","Embera-Wounaan Comarca,Panama","","Panama","pa"
"9069811","Westfjords Region","Westfjords Region,Iceland","","Iceland","is"
"9069812","Western Region","Western Region,Iceland","","Iceland","is"
"9069813","Eastern Region","Eastern Region,Iceland","","Iceland","is"
"9069814","Southern Peninsula Region","Southern Peninsula Region,Iceland","","Iceland","is"
"9069815","Capital Region","Capital Region,Iceland","","Iceland","is"
"9069816","Northwestern Region","Northwestern Region,Iceland","","Iceland","is"
"9069834","Eastern Region","Eastern Region,Ghana","","Ghana","gh"
"9069835","Western Region","Western Region,Ghana","","Ghana","gh"
"9069836","Ashanti Region","Ashanti Region,Ghana","","Ghana","gh"
"9069837","Greater Accra Region","Greater Accra Region,Ghana","","Ghana","gh"
"9069838","Shida Kartli","Shida Kartli,Georgia","","Georgia","ge"
"9069839","Guria","Guria,Georgia","","Georgia","ge"
"9069840","Abkhazia","Abkhazia,Georgia","","Georgia","ge"
"9069841","Tbilisi","Tbilisi,Georgia","","Georgia","ge"
"9069842","Adjara","Adjara,Georgia","","Georgia","ge"
"9069843","Mtskheta-Mtianeti","Mtskheta-Mtianeti,Georgia","","Georgia","ge"
"9069844","Imereti","Imereti,Georgia","","Georgia","ge"
"9069845","Samtskhe-Javakheti","Samtskhe-Javakheti,Georgia","","Georgia","ge"
"9069846","Samegrelo-Zemo Svaneti","Samegrelo-Zemo Svaneti,Georgia","","Georgia","ge"
"9069847","Racha-Lechkhumi and Lower Svaneti","Racha-Lechkhumi and Lower Svaneti,Georgia","","Georgia","ge"
"9069848","Kvemo Kartli","Kvemo Kartli,Georgia","","Georgia","ge"
"9069849","Kakheti","Kakheti,Georgia","","Georgia","ge"
"9069873","Hanover Parish","Hanover Parish,Jamaica","","Jamaica","jm"
"9069874","Portland Parish","Portland Parish,Jamaica","","Jamaica","jm"
"9069875","Kingston Parish","Kingston Parish,Jamaica","","Jamaica","jm"
"9069876","Westmoreland Parish","Westmoreland Parish,Jamaica","","Jamaica","jm"
"9069877","Kilimanjaro Region","Kilimanjaro Region,Tanzania","","Tanzania","tz"
"9069878","Manyara Region","Manyara Region,Tanzania","","Tanzania","tz"
"9069879","Mbeya Region","Mbeya Region,Tanzania","","Tanzania","tz"
"9069880","Kigoma Region","Kigoma Region,Tanzania","","Tanzania","tz"
"9069881","Mara Region","Mara Region,Tanzania","","Tanzania","tz"
"9069882","Mjini Magharibi Region","Mjini Magharibi Region,Tanzania","","Tanzania","tz"
"9069883","Unguja South Region","Unguja South Region,Tanzania","","Tanzania","tz"
"9069884","Singida Region","Singida Region,Tanzania","","Tanzania","tz"
"9069885","Dodoma Region","Dodoma Region,Tanzania","","Tanzania","tz"
"9069886","Tanga Region","Tanga Region,Tanzania","","Tanzania","tz"
"9069887","Rukwa Region","Rukwa Region,Tanzania","","Tanzania","tz"
"9069888","Tabora Region","Tabora Region,Tanzania","","Tanzania","tz"
"9069889","Iringa Region","Iringa Region,Tanzania","","Tanzania","tz"
"9069890","Kagera Region","Kagera Region,Tanzania","","Tanzania","tz"
"9069891","Mwanza Region","Mwanza Region,Tanzania","","Tanzania","tz"
"9069892","Shinyanga Region","Shinyanga Region,Tanzania","","Tanzania","tz"
"9069893","Ruvuma Region","Ruvuma Region,Tanzania","","Tanzania","tz"
"9069894","Morogoro Region","Morogoro Region,Tanzania","","Tanzania","tz"
"9069895","Pwani Region","Pwani Region,Tanzania","","Tanzania","tz"
"9069912","Administrative-Territorial Units of the Left Bank of the Dniester","Administrative-Territorial Units of the Left Bank of the Dniester,Moldova","","Moldova","md"
"9069924","Gagauzia","Gagauzia,Moldova","","Moldova","md"
"9069935","Grande-Terre","Grande-Terre,Guadeloupe","","Guadeloupe","gp"
"9069985","Central Region","Central Region,Uganda","","Uganda","ug"
"9069986","Western Region","Western Region,Uganda","","Uganda","ug"
"9069987","Northern Region","Northern Region,Uganda","","Uganda","ug"
"9069988","Eastern Region","Eastern Region,Uganda","","Uganda","ug"
"9070005","South Caribbean Coast Autonomous Region","South Caribbean Coast Autonomous Region,Nicaragua","","Nicaragua","ni"
"9070010","North Caribbean Coast Autonomous Region","North Caribbean Coast Autonomous Region,Nicaragua","","Nicaragua","ni"
"9070016","Central Development Region","Central Development Region,Nepal","","Nepal","np"
"9070017","Mid-Western Development Region","Mid-Western Development Region,Nepal","","Nepal","np"
"9070018","Far-Western Development Region","Far-Western Development Region,Nepal","","Nepal","np"
"9070019","Western Development Region","Western Development Region,Nepal","","Nepal","np"
"9070060","Ziguinchor Region","Ziguinchor Region,Senegal","","Senegal","sn"
"9070061","Kaolack Region","Kaolack Region,Senegal","","Senegal","sn"
"9070062","Kedougou Region","Kedougou Region,Senegal","","Senegal","sn"
"9070063","Louga Region","Louga Region,Senegal","","Senegal","sn"
"9070064","Kolda Region","Kolda Region,Senegal","","Senegal","sn"
"9070065","Thies Region","Thies Region,Senegal","","Senegal","sn"
"9070066","Tambacounda Region","Tambacounda Region,Senegal","","Senegal","sn"
"9070067","Matam Region","Matam Region,Senegal","","Senegal","sn"
"9070068","Fatick Region","Fatick Region,Senegal","","Senegal","sn"
"9070069","Kaffrine Region","Kaffrine Region,Senegal","","Senegal","sn"
"9070070","Sedhiou Region","Sedhiou Region,Senegal","","Senegal","sn"
"9070071","Saint-Louis Region","Saint-Louis Region,Senegal","","Senegal","sn"
"9070072","West Region","West Region,Cameroon","","Cameroon","cm"
"9070073","Littoral Region","Littoral Region,Cameroon","","Cameroon","cm"
"9070074","East Region","East Region,Cameroon","","Cameroon","cm"
"9070075","Centre Region","Centre Region,Cameroon","","Cameroon","cm"
"9070076","Southwest Region","Southwest Region,Cameroon","","Cameroon","cm"
"9070077","Northwest Region","Northwest Region,Cameroon","","Cameroon","cm"
"9070078","North Region","North Region,Cameroon","","Cameroon","cm"
"9070079","South Region","South Region,Cameroon","","Cameroon","cm"
"9070080","Khomas Region","Khomas Region,Namibia","","Namibia","na"
"9070081","Oshikoto Region","Oshikoto Region,Namibia","","Namibia","na"
"9070082","Otjozondjupa Region","Otjozondjupa Region,Namibia","","Namibia","na"
"9070083","Oshana Region","Oshana Region,Namibia","","Namibia","na"
"9070084","Zambezi Region","Zambezi Region,Namibia","","Namibia","na"
"9070085","Omusati Region","Omusati Region,Namibia","","Namibia","na"
"9070086","Kavango Region","Kavango Region,Namibia","","Namibia","na"
"9070087","Hardap Region","Hardap Region,Namibia","","Namibia","na"
"9070088","Kunene Region","Kunene Region,Namibia","","Namibia","na"
"9070089","Karas Region","Karas Region,Namibia","","Namibia","na"
"9070167","Smiths Parish","Smiths Parish,Bermuda","","Bermuda","bm"
"9070168","Pembroke Parish","Pembroke Parish,Bermuda","","Bermuda","bm"
"9070169","Devonshire Parish","Devonshire Parish,Bermuda","","Bermuda","bm"
"9070170","Sandys Parish","Sandys Parish,Bermuda","","Bermuda","bm"
"9070171","Paget Parish","Paget Parish,Bermuda","","Bermuda","bm"
"9070172","Warwick Parish","Warwick Parish,Bermuda","","Bermuda","bm"
"9070173","Southampton Parish","Southampton Parish,Bermuda","","Bermuda","bm"
"9070174","St. George's Parish","St. George's Parish,Bermuda","","Bermuda","bm"
"9070237","Segou Region","Segou Region,Mali","","Mali","ml"
"9070238","Sikasso Region","Sikasso Region,Mali","","Mali","ml"
"9070239","Gao Region","Gao Region,Mali","","Mali","ml"
"9070240","Koulikoro Region","Koulikoro Region,Mali","","Mali","ml"
"9070241","Tombouctou Region","Tombouctou Region,Mali","","Mali","ml"
"9070242","Mopti Region","Mopti Region,Mali","","Mali","ml"
"9070243","Kidal Region","Kidal Region,Mali","","Mali","ml"
"9070246","Sud-Ouest Region","Sud-Ouest Region,Burkina Faso","","Burkina Faso","bf"
"9070247","Centre Region","Centre Region,Burkina Faso","","Burkina Faso","bf"
"9070248","Boucle du Mouhoun Region","Boucle du Mouhoun Region,Burkina Faso","","Burkina Faso","bf"
"9070249","Hauts-Bassins Region","Hauts-Bassins Region,Burkina Faso","","Burkina Faso","bf"
"9070250","Cascades Region","Cascades Region,Burkina Faso","","Burkina Faso","bf"
"9070251","Centre-Ouest Region","Centre-Ouest Region,Burkina Faso","","Burkina Faso","bf"
"9070252","Nord Region","Nord Region,Burkina Faso","","Burkina Faso","bf"
"9070253","Sahel Region","Sahel Region,Burkina Faso","","Burkina Faso","bf"
"9070254","Centre-Est Region","Centre-Est Region,Burkina Faso","","Burkina Faso","bf"
"9070255","Est Region","Est Region,Burkina Faso","","Burkina Faso","bf"
"9070260","Savanes Region","Savanes Region,Togo","","Togo","tg"
"9070261","Centrale Region","Centrale Region,Togo","","Togo","tg"
"9070262","Kara Region","Kara Region,Togo","","Togo","tg"
"9070263","Maritime Region","Maritime Region,Togo","","Togo","tg"
"9070264","Plateaux Region","Plateaux Region,Togo","","Togo","tg"
"9070265","Shiselweni Region","Shiselweni Region,Eswatini","","Eswatini","sz"
"9070266","Lubombo Region","Lubombo Region,Eswatini","","Eswatini","sz"
"9070267","Hhohho Region","Hhohho Region,Eswatini","","Eswatini","sz"
"9070268","Manzini","Manzini,Eswatini","","Eswatini","sz"
"9070273","Dosso Region","Dosso Region,Niger","","Niger","ne"
"9070274","Diffa Region","Diffa Region,Niger","","Niger","ne"
"9070275","Maradi Region","Maradi Region,Niger","","Niger","ne"
"9070276","Tillaberi Region","Tillaberi Region,Niger","","Niger","ne"
"9070277","Tahoua Region","Tahoua Region,Niger","","Niger","ne"
"9070278","Agadez Region","Agadez Region,Niger","","Niger","ne"
"9070279","Zinder Region","Zinder Region,Niger","","Niger","ne"
"9070280","Oued Ed-Dahab-Lagouira","Oued Ed-Dahab-Lagouira,Western Sahara","","Western Sahara","eh"
"9070365","Southern Region","Southern Region,Iceland","","Iceland","is"
"9070366","Northeastern Region","Northeastern Region,Iceland","","Iceland","is"
"9070367","Central Region","Central Region,Ghana","","Ghana","gh"
"9070368","Volta Region","Volta Region,Ghana","","Ghana","gh"
"9070369","Northern Region","Northern Region,Ghana","","Ghana","gh"
"9070370","Upper West Region","Upper West Region,Ghana","","Ghana","gh"
"9070371","Upper East Region","Upper East Region,Ghana","","Ghana","gh"
"9070372","Brong Ahafo Region","Brong Ahafo Region,Ghana","","Ghana","gh"
"9070373","Clarendon","Clarendon,Jamaica","","Jamaica","jm"
"9070374","St. Thomas Parish","St. Thomas Parish,Jamaica","","Jamaica","jm"
"9070375","St. Catherine Parish","St. Catherine Parish,Jamaica","","Jamaica","jm"
"9070376","Manchester Parish","Manchester Parish,Jamaica","","Jamaica","jm"
"9070377","Trelawny Parish","Trelawny Parish,Jamaica","","Jamaica","jm"
"9070378","St. James Parish","St. James Parish,Jamaica","","Jamaica","jm"
"9070379","St. Andrew Parish","St. Andrew Parish,Jamaica","","Jamaica","jm"
"9070380","St. Mary Parish","St. Mary Parish,Jamaica","","Jamaica","jm"
"9070381","St. Ann Parish","St. Ann Parish,Jamaica","","Jamaica","jm"
"9070382","Unguja North Region","Unguja North Region,Tanzania","","Tanzania","tz"
"9070383","Lindi Region","Lindi Region,Tanzania","","Tanzania","tz"
"9070384","Mtwara Region","Mtwara Region,Tanzania","","Tanzania","tz"
"9070385","Arusha Region","Arusha Region,Tanzania","","Tanzania","tz"
"9070386","Nakhchivan Autonomous Republic","Nakhchivan Autonomous Republic,Azerbaijan","","Azerbaijan","az"
"9070394","Basse-Terre","Basse-Terre,Guadeloupe","","Guadeloupe","gp"
"9070424","Dakar Region","Dakar Region,Senegal","","Senegal","sn"
"9070425","Diourbel Region","Diourbel Region,Senegal","","Senegal","sn"
"9070426","Far North Region","Far North Region,Cameroon","","Cameroon","cm"
"9070427","Omaheke Region","Omaheke Region,Namibia","","Namibia","na"
"9070428","Ohangwena Region","Ohangwena Region,Namibia","","Namibia","na"
"9070429","Erongo Region","Erongo Region,Namibia","","Namibia","na"
"9070438","Jalal-Abad Region","Jalal-Abad Region,Kyrgyzstan","","Kyrgyzstan","kg"
"9070439","Batken Region","Batken Region,Kyrgyzstan","","Kyrgyzstan","kg"
"9070440","Chuy Region","Chuy Region,Kyrgyzstan","","Kyrgyzstan","kg"
"9070441","Naryn Region","Naryn Region,Kyrgyzstan","","Kyrgyzstan","kg"
"9070442","Issyk-Kul Region","Issyk-Kul Region,Kyrgyzstan","","Kyrgyzstan","kg"
"9070443","Osh Region","Osh Region,Kyrgyzstan","","Kyrgyzstan","kg"
"9070448","Hamilton Parish","Hamilton Parish,Bermuda","","Bermuda","bm"
"9070452","Bamako Capital District","Bamako Capital District,Mali","","Mali","ml"
"9070453","Kayes Region","Kayes Region,Mali","","Mali","ml"
"9070454","Niamey Urban Community","Niamey Urban Community,Niger","","Niger","ne"
"9070455","Guelmim-Es Semara","Guelmim-Es Semara,Western Sahara","","Western Sahara","eh"
"9073451","San Francisco Bay Area","San Francisco Bay Area,California,United States","California","United States","us"
"9073452","Silicon Valley","Silicon Valley,California,United States","California","United States","us"
"9073768","Beni Mellal-Khenifra","Beni Mellal-Khenifra,Morocco","","Morocco","ma"
"9073769","Casablanca-Settat","Casablanca-Settat,Morocco","","Morocco","ma"
"9073770","Oriental","Oriental,Morocco","","Morocco","ma"
"9073771","Draa-Tafilalet","Draa-Tafilalet,Morocco","","Morocco","ma"
"9073772","Rabat-Sale-Kenitra","Rabat-Sale-Kenitra,Morocco","","Morocco","ma"
"9073773","Tangier-Tetouan-Al Hoceima","Tangier-Tetouan-Al Hoceima,Morocco","","Morocco","ma"
"9073774","Souss-Massa","Souss-Massa,Morocco","","Morocco","ma"
"9073775","Marrakesh-Safi","Marrakesh-Safi,Morocco","","Morocco","ma"
"9073776","Fez-Meknes","Fez-Meknes,Morocco","","Morocco","ma"
"9073777","Guelmim-Oued Noun","Guelmim-Oued Noun,Morocco","","Morocco","ma"
"9075379","Canillo","Canillo,Andorra","","Andorra","ad"
"9075380","Encamp","Encamp,Andorra","","Andorra","ad"
"9075381","La Massana","La Massana,Andorra","","Andorra","ad"
"9075382","Ordino","Ordino,Andorra","","Andorra","ad"
"9075383","Escaldes-Engordany","Escaldes-Engordany,Andorra","","Andorra","ad"
"9075384","Andorra la Vella","Andorra la Vella,Andorra","","Andorra","ad"
"9075385","Sant Julia de Loria","Sant Julia de Loria,Andorra","","Andorra","ad"
"9075413","Saint Peter","Saint Peter,Antigua and Barbuda","","Antigua and Barbuda","ag"
"9075414","Saint Paul","Saint Paul,Antigua and Barbuda","","Antigua and Barbuda","ag"
"9075415","Saint George","Saint George,Antigua and Barbuda","","Antigua and Barbuda","ag"
"9075416","Saint Mary","Saint Mary,Antigua and Barbuda","","Antigua and Barbuda","ag"
"9075417","Saint Philip","Saint Philip,Antigua and Barbuda","","Antigua and Barbuda","ag"
"9075418","Saint John","Saint John,Antigua and Barbuda","","Antigua and Barbuda","ag"
"9075427","Centre-Sud Region","Centre-Sud Region,Burkina Faso","","Burkina Faso","bf"
"9075428","Plateau-Central Region","Plateau-Central Region,Burkina Faso","","Burkina Faso","bf"
"9075429","Centre-Nord Region","Centre-Nord Region,Burkina Faso","","Burkina Faso","bf"
"9075465","Adamawa Region","Adamawa Region,Cameroon","","Cameroon","cm"
"9075482","Arta","Arta,Djibouti","","Djibouti","dj"
"9075483","Djibouti","Djibouti,Djibouti","","Djibouti","dj"
"9075489","Maekel","Maekel,Eritrea","","Eritrea","er"
"9075490","Southern Red Sea","Southern Red Sea,Eritrea","","Eritrea","er"
"9075491","Tigray","Tigray,Ethiopia","","Ethiopia","et"
"9075492","Benishangul-Gumuz","Benishangul-Gumuz,Ethiopia","","Ethiopia","et"
"9075493","Amhara","Amhara,Ethiopia","","Ethiopia","et"
"9075494","Southern Nations, Nationalities and Peoples","Southern Nations, Nationalities and Peoples,Ethiopia","","Ethiopia","et"
"9075495","Oromia","Oromia,Ethiopia","","Ethiopia","et"
"9075496","Afar","Afar,Ethiopia","","Ethiopia","et"
"9075497","Somali","Somali,Ethiopia","","Ethiopia","et"
"9075500","Central Ostrobothnia","Central Ostrobothnia,Finland","","Finland","fi"
"9075501","Southwest Finland","Southwest Finland,Finland","","Finland","fi"
"9075502","Satakunta","Satakunta,Finland","","Finland","fi"
"9075503","Kanta-Hame","Kanta-Hame,Finland","","Finland","fi"
"9075504","Ostrobothnia","Ostrobothnia,Finland","","Finland","fi"
"9075505","Pirkanmaa","Pirkanmaa,Finland","","Finland","fi"
"9075506","Uusimaa","Uusimaa,Finland","","Finland","fi"
"9075507","Central Finland","Central Finland,Finland","","Finland","fi"
"9075508","Lapland","Lapland,Finland","","Finland","fi"
"9075509","North Savo","North Savo,Finland","","Finland","fi"
"9075510","North Karelia","North Karelia,Finland","","Finland","fi"
"9075511","South Karelia","South Karelia,Finland","","Finland","fi"
"9075512","South Ostrobothnia","South Ostrobothnia,Finland","","Finland","fi"
"9075513","Kainuu","Kainuu,Finland","","Finland","fi"
"9075514","North Ostrobothnia","North Ostrobothnia,Finland","","Finland","fi"
"9075515","Kymenlaakso","Kymenlaakso,Finland","","Finland","fi"
"9075516","Paijat-Hame","Paijat-Hame,Finland","","Finland","fi"
"9075517","South Savo","South Savo,Finland","","Finland","fi"
"9075531","Carriacou and Petite Martinique","Carriacou and Petite Martinique,Grenada","","Grenada","gd"
"9075532","Saint John","Saint John,Grenada","","Grenada","gd"
"9075533","Saint Mark","Saint Mark,Grenada","","Grenada","gd"
"9075534","Saint David","Saint David,Grenada","","Grenada","gd"
"9075535","Saint Andrew","Saint Andrew,Grenada","","Grenada","gd"
"9075536","Saint Patrick","Saint Patrick,Grenada","","Grenada","gd"
"9075537","Saint George","Saint George,Grenada","","Grenada","gd"
"9075540","St Martin","St Martin,Guernsey","","Guernsey","gg"
"9075541","Torteval","Torteval,Guernsey","","Guernsey","gg"
"9075542","Forest","Forest,Guernsey","","Guernsey","gg"
"9075543","St Sampson","St Sampson,Guernsey","","Guernsey","gg"
"9075544","St Pierre Du Bois","St Pierre Du Bois,Guernsey","","Guernsey","gg"
"9075545","Saint Saviour","Saint Saviour,Guernsey","","Guernsey","gg"
"9075546","Vale","Vale,Guernsey","","Guernsey","gg"
"9075547","St Andrew","St Andrew,Guernsey","","Guernsey","gg"
"9075548","Castel","Castel,Guernsey","","Guernsey","gg"
"9075549","Conakry","Conakry,Guinea","","Guinea","gn"
"9075550","Labe","Labe,Guinea","","Guinea","gn"
"9075551","Boke","Boke,Guinea","","Guinea","gn"
"9075552","Kankan","Kankan,Guinea","","Guinea","gn"
"9075555","Decentralized Administration of the Aegean","Decentralized Administration of the Aegean,Greece","","Greece","gr"
"9075556","Decentralized Administration of Peloponnese, Western Greece and the Ionian","Decentralized Administration of Peloponnese, Western Greece and the Ionian,Greece","","Greece","gr"
"9075557","Decentralized Administration of Macedonia and Thrace","Decentralized Administration of Macedonia and Thrace,Greece","","Greece","gr"
"9075558","Decentralized Administration of Epirus and Western Macedonia","Decentralized Administration of Epirus and Western Macedonia,Greece","","Greece","gr"
"9075559","Decentralized Administration of Thessaly and Central Greece","Decentralized Administration of Thessaly and Central Greece,Greece","","Greece","gr"
"9075561","Bafata","Bafata,Guinea-Bissau","","Guinea-Bissau","gw"
"9075562","Oio","Oio,Guinea-Bissau","","Guinea-Bissau","gw"
"9075563","Bissau","Bissau,Guinea-Bissau","","Guinea-Bissau","gw"
"9075564","Gabu","Gabu,Guinea-Bissau","","Guinea-Bissau","gw"
"9075565","Cacheu","Cacheu,Guinea-Bissau","","Guinea-Bissau","gw"
"9075566","Biombo","Biombo,Guinea-Bissau","","Guinea-Bissau","gw"
"9075567","Cuyuni-Mazaruni","Cuyuni-Mazaruni,Guyana","","Guyana","gy"
"9075568","East Berbice-Corentyne","East Berbice-Corentyne,Guyana","","Guyana","gy"
"9075569","Upper Takutu-Upper Essequibo","Upper Takutu-Upper Essequibo,Guyana","","Guyana","gy"
"9075570","Upper Demerara-Berbice","Upper Demerara-Berbice,Guyana","","Guyana","gy"
"9075571","Demerara-Mahaica","Demerara-Mahaica,Guyana","","Guyana","gy"
"9075572","Essequibo Islands-West Demerara","Essequibo Islands-West Demerara,Guyana","","Guyana","gy"
"9075573","St. Ouen","St. Ouen,Jersey","","Jersey","je"
"9075574","St Lawrence","St Lawrence,Jersey","","Jersey","je"
"9075575","Grouville","Grouville,Jersey","","Jersey","je"
"9075576","St Brelade","St Brelade,Jersey","","Jersey","je"
"9075577","St Mary","St Mary,Jersey","","Jersey","je"
"9075578","St John","St John,Jersey","","Jersey","je"
"9075579","St Clement","St Clement,Jersey","","Jersey","je"
"9075580","St. Peter","St. Peter,Jersey","","Jersey","je"
"9075581","St Martin","St Martin,Jersey","","Jersey","je"
"9075582","Trinity","Trinity,Jersey","","Jersey","je"
"9075583","St. Elizabeth Parish","St. Elizabeth Parish,Jamaica","","Jamaica","jm"
"9075804","Hodh El Chargi","Hodh El Chargi,Mauritania","","Mauritania","mr"
"9075805","Adrar","Adrar,Mauritania","","Mauritania","mr"
"9075806","Gorgol","Gorgol,Mauritania","","Mauritania","mr"
"9075807","Trarza","Trarza,Mauritania","","Mauritania","mr"
"9075808","Guidimakha","Guidimakha,Mauritania","","Mauritania","mr"
"9075809","Dakhlet Nouadhibou","Dakhlet Nouadhibou,Mauritania","","Mauritania","mr"
"9075810","Inchiri","Inchiri,Mauritania","","Mauritania","mr"
"9075812","Northern Region","Northern Region,Malawi","","Malawi","mw"
"9075813","Central Region","Central Region,Malawi","","Malawi","mw"
"9075814","Southern Region","Southern Region,Malawi","","Malawi","mw"
"9075818","Eastern Development Region","Eastern Development Region,Nepal","","Nepal","np"
"9075844","Lendava","Lendava,Slovenia","","Slovenia","si"
"9075845","Gornja Radgona","Gornja Radgona,Slovenia","","Slovenia","si"
"9075846","Sentjur","Sentjur,Slovenia","","Slovenia","si"
"9075847","Slovenske Konjice","Slovenske Konjice,Slovenia","","Slovenia","si"
"9075848","Zalec","Zalec,Slovenia","","Slovenia","si"
"9075849","Domzale","Domzale,Slovenia","","Slovenia","si"
"9075850","Metlika","Metlika,Slovenia","","Slovenia","si"
"9075851","Crnomelj","Crnomelj,Slovenia","","Slovenia","si"
"9075852","Jesenice","Jesenice,Slovenia","","Slovenia","si"
"9075853","Smarje pri Jelsah","Smarje pri Jelsah,Slovenia","","Slovenia","si"
"9075854","Ilirska Bistrica","Ilirska Bistrica,Slovenia","","Slovenia","si"
"9075855","Postojna","Postojna,Slovenia","","Slovenia","si"
"9075856","Grosuplje","Grosuplje,Slovenia","","Slovenia","si"
"9075857","Sezana","Sezana,Slovenia","","Slovenia","si"
"9075858","Piran","Piran,Slovenia","","Slovenia","si"
"9075859","Kamnik","Kamnik,Slovenia","","Slovenia","si"
"9075860","Ravne na Koroskem","Ravne na Koroskem,Slovenia","","Slovenia","si"
"9075861","Vrhnika","Vrhnika,Slovenia","","Slovenia","si"
"9075862","Murska Sobota","Murska Sobota,Slovenia","","Slovenia","si"
"9075863","Celje","Celje,Slovenia","","Slovenia","si"
"9075864","Dravograd","Dravograd,Slovenia","","Slovenia","si"
"9075865","Logatec","Logatec,Slovenia","","Slovenia","si"
"9075866","Trebnje","Trebnje,Slovenia","","Slovenia","si"
"9075867","Lenart","Lenart,Slovenia","","Slovenia","si"
"9075868","Sevnica","Sevnica,Slovenia","","Slovenia","si"
"9075869","Brezice","Brezice,Slovenia","","Slovenia","si"
"9075870","Ptuj","Ptuj,Slovenia","","Slovenia","si"
"9075871","Kranj","Kranj,Slovenia","","Slovenia","si"
"9075872","Trzic","Trzic,Slovenia","","Slovenia","si"
"9075873","Litija","Litija,Slovenia","","Slovenia","si"
"9075874","Ljubljana","Ljubljana,Slovenia","","Slovenia","si"
"9075875","Slovenska Bistrica","Slovenska Bistrica,Slovenia","","Slovenia","si"
"9075876","Izola","Izola,Slovenia","","Slovenia","si"
"9075877","Krsko","Krsko,Slovenia","","Slovenia","si"
"9075878","Ljutomer","Ljutomer,Slovenia","","Slovenia","si"
"9075879","Radlje ob Dravi","Radlje ob Dravi,Slovenia","","Slovenia","si"
"9075880","Ruse","Ruse,Slovenia","","Slovenia","si"
"9075881","Ormoz","Ormoz,Slovenia","","Slovenia","si"
"9075882","Pesnica","Pesnica,Slovenia","","Slovenia","si"
"9075883","Tolmin","Tolmin,Slovenia","","Slovenia","si"
"9075884","Radovljica","Radovljica,Slovenia","","Slovenia","si"
"9075885","Lasko","Lasko,Slovenia","","Slovenia","si"
"9075886","Slovenj Gradec","Slovenj Gradec,Slovenia","","Slovenia","si"
"9075887","Cerknica","Cerknica,Slovenia","","Slovenia","si"
"9075888","Zagorje ob Savi","Zagorje ob Savi,Slovenia","","Slovenia","si"
"9075889","Velenje","Velenje,Slovenia","","Slovenia","si"
"9075890","Nova Gorica","Nova Gorica,Slovenia","","Slovenia","si"
"9075891","Novo Mesto","Novo Mesto,Slovenia","","Slovenia","si"
"9075892","Mozirje","Mozirje,Slovenia","","Slovenia","si"
"9075893","Koper","Koper,Slovenia","","Slovenia","si"
"9075894","Idrija","Idrija,Slovenia","","Slovenia","si"
"9075895","Western Area","Western Area,Sierra Leone","","Sierra Leone","sl"
"9075907","Lower Shabelle","Lower Shabelle,Somalia","","Somalia","so"
"9075908","Banaadir","Banaadir,Somalia","","Somalia","so"
"9075909","Sanaag","Sanaag,Somalia","","Somalia","so"
"9075910","Woqooyi Galbeed","Woqooyi Galbeed,Somalia","","Somalia","so"
"9075911","Sool","Sool,Somalia","","Somalia","so"
"9075912","Mudug","Mudug,Somalia","","Somalia","so"
"9075913","Lower Juba","Lower Juba,Somalia","","Somalia","so"
"9075914","Nugal","Nugal,Somalia","","Somalia","so"
"9075915","Togdheer","Togdheer,Somalia","","Somalia","so"
"9075916","Awdal","Awdal,Somalia","","Somalia","so"
"9075917","Gedo","Gedo,Somalia","","Somalia","so"
"9075918","Bari","Bari,Somalia","","Somalia","so"
"9075919","Bay","Bay,Somalia","","Somalia","so"
"9075925","Chari-Baguirmi","Chari-Baguirmi,Chad","","Chad","td"
"9075926","Hadjer-Lamis","Hadjer-Lamis,Chad","","Chad","td"
"9075927","Borkou","Borkou,Chad","","Chad","td"
"9075930","Ahal","Ahal,Turkmenistan","","Turkmenistan","tm"
"9075931","Balkan","Balkan,Turkmenistan","","Turkmenistan","tm"
"9075932","Ashgabat","Ashgabat,Turkmenistan","","Turkmenistan","tm"
"9075933","Mary","Mary,Turkmenistan","","Turkmenistan","tm"
"9075934","Lebap","Lebap,Turkmenistan","","Turkmenistan","tm"
"9075951","Penal/Debe Regional Corporation","Penal/Debe Regional Corporation,Trinidad and Tobago","","Trinidad and Tobago","tt"
"9075952","San Juan-Laventille Regional Corporation","San Juan-Laventille Regional Corporation,Trinidad and Tobago","","Trinidad and Tobago","tt"
"9075953","Mayaro Rio Claro Regional Corporation","Mayaro Rio Claro Regional Corporation,Trinidad and Tobago","","Trinidad and Tobago","tt"
"9075954","Couva-Tabaquite-Talparo Regional Corporation","Couva-Tabaquite-Talparo Regional Corporation,Trinidad and Tobago","","Trinidad and Tobago","tt"
"9075955","Eastern Tobago","Eastern Tobago,Tobago,Trinidad and Tobago","Tobago","Trinidad and Tobago","tt"
"9075956","Diego Martin Regional Corporation","Diego Martin Regional Corporation,Trinidad and Tobago","","Trinidad and Tobago","tt"
"9075957","Tunapuna/Piarco Regional Corporation","Tunapuna/Piarco Regional Corporation,Trinidad and Tobago","","Trinidad and Tobago","tt"
"9075958","Sangre Grande Regional Corporation","Sangre Grande Regional Corporation,Trinidad and Tobago","","Trinidad and Tobago","tt"
"9075959","Western Tobago","Western Tobago,Tobago,Trinidad and Tobago","Tobago","Trinidad and Tobago","tt"
"9075960","Princes Town Regional Corporation","Princes Town Regional Corporation,Trinidad and Tobago","","Trinidad and Tobago","tt"
"9075961","Siparia Regional Corporation","Siparia Regional Corporation,Trinidad and Tobago","","Trinidad and Tobago","tt"
"9075968","Pemba North Region","Pemba North Region,Tanzania","","Tanzania","tz"
"9075970","Bukhara Region","Bukhara Region,Uzbekistan","","Uzbekistan","uz"
"9075971","Jizzakh Region","Jizzakh Region,Uzbekistan","","Uzbekistan","uz"
"9075972","Andijan region","Andijan region,Uzbekistan","","Uzbekistan","uz"
"9075973","Qashqadaryo Region","Qashqadaryo Region,Uzbekistan","","Uzbekistan","uz"
"9075974","Xorazm Region","Xorazm Region,Uzbekistan","","Uzbekistan","uz"
"9075975","Republic of Karakalpakstan","Republic of Karakalpakstan,Uzbekistan","","Uzbekistan","uz"
"9075976","Surxondaryo Region","Surxondaryo Region,Uzbekistan","","Uzbekistan","uz"
"9075977","Namangan Region","Namangan Region,Uzbekistan","","Uzbekistan","uz"
"9075978","Navoiy Region","Navoiy Region,Uzbekistan","","Uzbekistan","uz"
"9075979","Sirdaryo Region","Sirdaryo Region,Uzbekistan","","Uzbekistan","uz"
"9075980","Samarqand Region","Samarqand Region,Uzbekistan","","Uzbekistan","uz"
"9075981","Tashkent Region","Tashkent Region,Uzbekistan","","Uzbekistan","uz"
"9075982","Fergana Region","Fergana Region,Uzbekistan","","Uzbekistan","uz"
"9075983","Grenadines","Grenadines,Saint Vincent and the Grenadines","","Saint Vincent and the Grenadines","vc"
"9075984","St. Patrick","St. Patrick,Saint Vincent and the Grenadines","","Saint Vincent and the Grenadines","vc"
"9075985","Charlotte","Charlotte,Saint Vincent and the Grenadines","","Saint Vincent and the Grenadines","vc"
"9075986","St. Andrew","St. Andrew,Saint Vincent and the Grenadines","","Saint Vincent and the Grenadines","vc"
"9075987","St. George","St. George,Saint Vincent and the Grenadines","","Saint Vincent and the Grenadines","vc"
"9099772","Nuble","Nuble,Chile","","Chile","cl"
"9112353","Qalyub","Qalyub,Al-Qalyubia Governorate,Egypt","Al-Qalyubia Governorate","Egypt","eg"
"9112367","Tura","Tura,Cairo Governorate,Egypt","Cairo Governorate","Egypt","eg"
"9112526","Mount Baw Baw Alpine Resort (Unincorporated)","Mount Baw Baw Alpine Resort (Unincorporated),Victoria,Australia","Victoria","Australia","au"
"9112558","Un-Incorporated (Nhulunbuy) Area","Un-Incorporated (Nhulunbuy) Area,Northern Territory,Australia","Northern Territory","Australia","au"
"9112688","Northern Territory Rates Act Area","Northern Territory Rates Act Area,Northern Territory,Australia","Northern Territory","Australia","au"
"9112727","Lake Mountain Alpine Resort (Unincorporated)","Lake Mountain Alpine Resort (Unincorporated),Victoria,Australia","Victoria","Australia","au"
"9112778","Mount Stirling Alpine Resort (Unincorporated)","Mount Stirling Alpine Resort (Unincorporated),Victoria,Australia","Victoria","Australia","au"
"9112795","Un-Incorporated (Yulara) Area","Un-Incorporated (Yulara) Area,Northern Territory,Australia","Northern Territory","Australia","au"
"9112833","Falls Creek Alpine Resort (Unincorporated)","Falls Creek Alpine Resort (Unincorporated),Victoria,Australia","Victoria","Australia","au"
"9112835","Un-Incorporated (Elrundie) Area","Un-Incorporated (Elrundie) Area,Northern Territory,Australia","Northern Territory","Australia","au"
"9189140","Lima Province","Lima Province,Peru","","Peru","pe"
"9190238","Neapoli-Sykies","Neapoli-Sykies,Decentralized Administration of Macedonia and Thrace,Greece","Decentralized Administration of Macedonia and Thrace","Greece","gr"
"9191957","Moschato-Tavros","Moschato-Tavros,Decentralized Administration of Attica,Greece","Decentralized Administration of Attica","Greece","gr"
"9198321","Sint Maarten","Sint Maarten,Sint Maarten","","Sint Maarten","sx"
"9210978","Tobago","Tobago,Trinidad and Tobago","","Trinidad and Tobago","tt"
"9222467","Thasos Regional Unit","Thasos Regional Unit,Decentralized Administration of Macedonia and Thrace,Greece","Decentralized Administration of Macedonia and Thrace","Greece","gr"
"20973","Taymyr Autonomous Okrug","Taymyr Autonomous Okrug,Russia","","Russia","ru"
"21350","Koryakskiy avtonomniy okrug","Koryakskiy avtonomniy okrug,Russia","","Russia","ru"
"9073177","Pearl Islands","Pearl Islands,Panama","","Panama","pa"
